{"cameraMode":{"drawMode":0,"name":"Shaded","section":"Shading Mode"},"sceneLighting":true,"audioPlay":false,"sceneViewState":{"m_AlwaysRefresh":false,"showFog":true,"showSkybox":true,"showFlares":true,"showImageEffects":true,"showParticleSystems":true,"showVisualEffectGraphs":true,"m_FxEnabled":true},"in2DMode":false,"pivot":{"x":3.4100000858306886,"y":2.5999999046325685,"z":1.309999942779541},"rotation":{"x":-0.06650418043136597,"y":-0.9182948470115662,"z":0.34879741072654726,"w":-0.17509064078330995},"size":0.8660283088684082,"orthographic":false}