{"cameraMode":{"drawMode":0,"name":"Shaded","section":"Shading Mode"},"sceneLighting":true,"audioPlay":false,"sceneViewState":{"m_AlwaysRefresh":false,"showFog":true,"showSkybox":true,"showFlares":true,"showImageEffects":true,"showParticleSystems":true,"showVisualEffectGraphs":true,"m_FxEnabled":true},"in2DMode":false,"pivot":{"x":-2.1000001430511476,"y":0.559999942779541,"z":2.190000295639038},"rotation":{"x":0.010985318571329117,"y":0.680906355381012,"z":-0.010213552974164486,"w":0.7322200536727905},"size":5.681878566741943,"orthographic":true}