{"cameraMode":{"drawMode":0,"name":"Shaded","section":"Shading Mode"},"sceneLighting":true,"audioPlay":false,"sceneViewState":{"m_AlwaysRefresh":false,"showFog":true,"showSkybox":true,"showFlares":true,"showImageEffects":true,"showParticleSystems":true,"showVisualEffectGraphs":true,"m_FxEnabled":true},"in2DMode":false,"pivot":{"x":3.3997268676757814,"y":3.0874595642089845,"z":1.6950578689575196},"rotation":{"x":-0.1261807233095169,"y":-0.8694155812263489,"z":0.2876325249671936,"w":-0.38140273094177248},"size":0.7380731701850891,"orthographic":false}